,"domain":"panam.edu","alpha_two_code":"US"}
{"country":"United States","estYear":"1998","name":"University of Texas Southwestern Medical Center at Dallas","web_page":"http://www.swmed.edu/","domain":"swmed.edu","alpha_two_code":"US"}
{"country":"United States","estYear":"1972","name":"University of the District of Columbia","web_page":"http://www.udc.edu/","domain":"udc.edu","alpha_two_code":"US"}
{"country":"United States","estYear":"1991","name":"University of the Incarnate Word","web_page":"http://www.uiw.edu/","domain":"uiw.edu","alpha_two_code":"US"}
{"country":"United States","estYear":"1991","name":"University of the Ozarks","web_page":"http://www.ozarks.edu/","domain":"ozarks.edu","alpha_two_code":"US"}
{"country":"United States","estYear":"1995","name":"University of the Pacific","web_page":"http://www.uop.edu/","domain":"uop.edu","alpha_two_code":"US"}
{"country":"United States","estYear":"1989","name":"University of Toledo","web_page":"http://www.utoledo.edu/","domain":"utoledo.edu","alpha_two_code":"US"}
{"country":"United States","estYear":"1997","name":"University of Tulsa","web_page":"http://utulsa.edu/","domain":"utulsa.edu","alpha_two_code":"US"}
{"country":"United States","estYear":"2000","name":"University of Utah","web_page":"http://www.utah.edu/","domain":"utah.edu","alpha_two_code":"US"}
{"country":"United States","estYear":"1988","name":"University of Vermont","web_page":"http://www.uvm.edu/","domain":"uvm.edu","alpha_two_code":"US"}
{"country":"United States","estYear":"1999","name":"University of Virginia, Charlottesville","web_page":"http://www.virginia.edu/","domain":"virginia.edu","alpha_two_code":"US"}
{"country":"United States","estYear":"1982","name":"University of Washington","web_page":"http://www.washington.edu/","domain":"washington.edu","alpha_two_code":"US"}
{"country":"United States","estYear":"1992","name":"University of West Alabama","web_page":"http://www.westal.edu/","domain":"westal.edu","alpha_two_code":"US"}
